{
  "alpha": 0.95,
  "qhat": {
    "local:med": 31.875244140625,
    "edge:low": 38.250244140625,
    "edge:med": 30.6002197265625,
    "edge:high": 29.6822509765625,
    "cloud:low": 41.836181640625
  }
}